Employee_ID,Department,Years_Experience,Location
E101,AI Research,14.5,Pune
E102,DevOps,2.2,Pune
E103,Full Stack Dev,3.9,Mumbai
E104,AI Research,8.3,Chennai
E105,Data Science,6.0,Mumbai
E106,Full Stack Dev,7.9,Chennai
E107,DevOps,11.6,Chennai
E108,Data Science,8.0,Chennai
E109,Cybersecurity,13.5,Pune
E110,DevOps,11.5,Chennai
E111,Full Stack Dev,2.1,Pune
E112,Cloud Engineering,10.6,Mumbai
E113,Data Science,1.9,Chennai
E114,DevOps,6.4,Pune
E115,AI Research,4.1,Pune
E116,Data Science,1.9,Chennai
E117,AI Research,9.1,Pune
E118,AI Research,11.6,Chennai
E119,Full Stack Dev,1.7,Mumbai
E120,AI Research,2.0,Chennai
E121,Data Science,9.1,Delhi
E122,AI Research,1.8,Mumbai
E123,AI Research,13.1,Delhi
E124,Full Stack Dev,10.9,Delhi
E125,AI Research,1.7,Chennai
E126,Cybersecurity,10.8,Chennai
E127,Full Stack Dev,14.2,Pune
E128,Data Science,13.2,Mumbai
E129,Cloud Engineering,1.2,Mumbai
E130,Data Science,11.4,Mumbai
E131,Data Science,7.5,Mumbai
E132,Full Stack Dev,2.2,Chennai
E133,DevOps,9.5,Delhi
E134,Full Stack Dev,8.8,Pune
E135,AI Research,12.0,Delhi
E136,Cloud Engineering,9.4,Delhi
E137,Data Science,8.7,Pune
E138,Data Science,7.4,Chennai
E139,DevOps,13.5,Mumbai
E140,Data Science,7.1,Delhi
E141,Cybersecurity,1.4,Mumbai
E142,Cloud Engineering,5.4,Pune
E143,Full Stack Dev,11.7,Pune
E144,Data Science,6.1,Pune
E145,Cybersecurity,7.4,Pune
E146,Cloud Engineering,1.6,Delhi
E147,DevOps,8.6,Delhi
E148,DevOps,11.2,Mumbai
E149,Full Stack Dev,8.4,Mumbai
E150,Cloud Engineering,10.7,Delhi
E151,Cybersecurity,2.7,Chennai
E152,Data Science,1.3,Chennai
E153,Full Stack Dev,1.4,Mumbai
E154,AI Research,10.4,Pune
E155,Cloud Engineering,5.8,Delhi
E156,Cybersecurity,5.6,Pune
E157,Cybersecurity,2.2,Delhi
E158,Cloud Engineering,4.1,Delhi
E159,AI Research,8.4,Pune
E160,AI Research,10.4,Pune
E161,Cloud Engineering,8.5,Mumbai
E162,Cloud Engineering,14.5,Pune
E163,DevOps,13.9,Delhi
E164,Full Stack Dev,6.9,Pune
E165,Cybersecurity,6.0,Delhi
E166,Cybersecurity,2.1,Chennai
E167,Cloud Engineering,11.0,Delhi
E168,Data Science,1.6,Pune
E169,Cybersecurity,9.2,Mumbai
E170,Data Science,1.7,Mumbai
E171,Data Science,12.8,Delhi
E172,Full Stack Dev,12.8,Mumbai
E173,Cloud Engineering,1.0,Mumbai
E174,Full Stack Dev,9.0,Chennai
E175,AI Research,9.1,Delhi
E176,Data Science,12.9,Mumbai
E177,AI Research,1.8,Mumbai
E178,Full Stack Dev,4.8,Pune
E179,Full Stack Dev,7.5,Chennai
E180,Cybersecurity,5.7,Pune
E181,Data Science,12.6,Delhi
E182,Full Stack Dev,14.8,Mumbai
E183,Cybersecurity,6.8,Chennai
E184,Data Science,6.6,Mumbai
E185,Cybersecurity,10.9,Chennai
E186,DevOps,11.5,Chennai
E187,Full Stack Dev,7.3,Delhi
E188,DevOps,1.7,Mumbai
E189,DevOps,4.1,Pune
E190,Cloud Engineering,10.8,Delhi
E191,Data Science,2.6,Pune
E192,DevOps,3.1,Pune
E193,DevOps,10.9,Mumbai
E194,Full Stack Dev,4.4,Pune
E195,Cloud Engineering,4.6,Pune
E196,DevOps,13.7,Mumbai
E197,Cloud Engineering,5.1,Mumbai
E198,DevOps,12.2,Chennai
E199,Full Stack Dev,13.8,Delhi
E200,Data Science,6.3,Mumbai
E201,Data Science,13.4,Pune
E202,Data Science,8.2,Pune
E203,AI Research,6.2,Mumbai
E204,Cybersecurity,13.8,Pune
E205,AI Research,3.8,Delhi
E206,Cloud Engineering,11.0,Chennai
E207,Full Stack Dev,7.5,Chennai
E208,Cybersecurity,7.9,Chennai
E209,DevOps,2.6,Mumbai
E210,AI Research,10.7,Delhi
E211,AI Research,1.7,Chennai
E212,Cybersecurity,7.3,Mumbai
E213,Cybersecurity,5.0,Mumbai
E214,Full Stack Dev,5.9,Mumbai
E215,AI Research,13.7,Pune
E216,AI Research,11.1,Pune
E217,Cloud Engineering,5.4,Chennai
E218,Cybersecurity,2.7,Pune
E219,Data Science,6.9,Chennai
E220,Cloud Engineering,13.9,Chennai
E221,Data Science,4.4,Pune
E222,Data Science,11.0,Delhi
E223,Cybersecurity,10.7,Mumbai
E224,Full Stack Dev,11.0,Delhi
E225,AI Research,13.9,Pune
E226,Data Science,4.8,Mumbai
E227,Data Science,14.7,Chennai
E228,AI Research,7.1,Delhi
E229,AI Research,1.3,Mumbai
E230,Cloud Engineering,4.8,Mumbai
E231,Full Stack Dev,14.2,Delhi
E232,Data Science,12.6,Delhi
E233,Cloud Engineering,11.8,Delhi
E234,Cybersecurity,8.9,Mumbai
E235,DevOps,5.9,Chennai
E236,DevOps,10.7,Pune
E237,Data Science,8.0,Chennai
E238,Data Science,8.7,Delhi
E239,AI Research,10.4,Pune
E240,Data Science,12.8,Pune
E241,Cybersecurity,11.5,Delhi
E242,Full Stack Dev,5.3,Chennai
E243,Data Science,5.9,Chennai
E244,Data Science,4.7,Pune
E245,Cloud Engineering,8.6,Mumbai
E246,Cybersecurity,10.8,Delhi
E247,DevOps,5.0,Pune
E248,Cybersecurity,9.9,Mumbai
E249,AI Research,1.7,Chennai
E250,Full Stack Dev,4.4,Pune
E251,DevOps,9.8,Pune
E252,Cybersecurity,12.1,Chennai
E253,Data Science,5.2,Mumbai
E254,AI Research,8.4,Mumbai
E255,AI Research,11.7,Mumbai
E256,DevOps,14.0,Mumbai
E257,Cybersecurity,11.3,Pune
E258,Cloud Engineering,10.6,Pune
E259,Full Stack Dev,4.2,Chennai
E260,DevOps,12.6,Pune
E261,Cloud Engineering,10.5,Delhi
E262,Cloud Engineering,6.9,Chennai
E263,Cybersecurity,6.6,Pune
E264,Full Stack Dev,11.7,Mumbai
E265,Data Science,14.5,Delhi
E266,Cybersecurity,7.2,Chennai
E267,Cloud Engineering,11.2,Pune
E268,DevOps,3.8,Chennai
E269,DevOps,8.6,Chennai
E270,DevOps,14.7,Delhi
E271,Cloud Engineering,8.1,Mumbai
E272,DevOps,11.6,Pune
E273,AI Research,8.4,Pune
E274,Data Science,12.1,Pune
E275,Data Science,10.7,Mumbai
E276,Cloud Engineering,1.9,Pune
E277,Full Stack Dev,2.4,Mumbai
E278,DevOps,2.4,Chennai
E279,Data Science,7.7,Mumbai
E280,Cybersecurity,9.2,Mumbai
E281,Cloud Engineering,13.3,Delhi
E282,Full Stack Dev,14.5,Pune
E283,DevOps,3.0,Chennai
E284,AI Research,2.6,Pune
E285,AI Research,1.2,Pune
E286,Cloud Engineering,9.1,Pune
E287,AI Research,6.2,Chennai
E288,Cybersecurity,13.9,Pune
E289,Cybersecurity,11.7,Mumbai
E290,Cloud Engineering,6.4,Delhi
E291,Cloud Engineering,14.0,Chennai
E292,Cybersecurity,9.9,Mumbai
E293,Cloud Engineering,1.8,Chennai
E294,DevOps,9.2,Delhi
E295,Data Science,8.0,Delhi
E296,Cybersecurity,12.8,Pune
E297,AI Research,10.8,Mumbai
E298,Data Science,13.7,Chennai
E299,Cloud Engineering,13.2,Delhi
E300,Cybersecurity,6.7,Chennai
E301,Cloud Engineering,4.3,Delhi
E302,AI Research,7.8,Pune
E303,DevOps,3.1,Mumbai
E304,Full Stack Dev,12.5,Delhi
E305,Cybersecurity,3.3,Chennai
E306,Cloud Engineering,9.3,Mumbai
E307,Cloud Engineering,10.0,Mumbai
E308,Cloud Engineering,10.2,Chennai
E309,Data Science,9.5,Mumbai
E310,Data Science,8.5,Mumbai
E311,Full Stack Dev,5.6,Mumbai
E312,Cybersecurity,11.0,Pune
E313,AI Research,14.5,Mumbai
E314,AI Research,14.3,Delhi
E315,DevOps,12.2,Pune
E316,Cloud Engineering,2.3,Pune
E317,AI Research,10.9,Mumbai
E318,Cybersecurity,14.8,Chennai
E319,Full Stack Dev,13.3,Pune
E320,AI Research,1.5,Chennai
E321,AI Research,11.0,Pune
E322,AI Research,2.7,Pune
E323,Full Stack Dev,10.0,Pune
E324,Data Science,1.3,Mumbai
E325,AI Research,7.7,Delhi
E326,Data Science,1.7,Delhi
E327,Data Science,12.5,Delhi
E328,Data Science,8.8,Pune
E329,Cloud Engineering,9.8,Delhi
E330,Cloud Engineering,13.3,Delhi
E331,Cloud Engineering,13.9,Delhi
E332,Cybersecurity,6.2,Pune
E333,DevOps,9.3,Mumbai
E334,Cloud Engineering,11.6,Chennai
E335,AI Research,5.2,Delhi
E336,DevOps,11.8,Delhi
E337,Full Stack Dev,9.5,Delhi
E338,AI Research,13.7,Delhi
E339,AI Research,3.1,Chennai
E340,Full Stack Dev,7.8,Delhi
E341,AI Research,2.7,Pune
E342,Cybersecurity,7.4,Mumbai
E343,Full Stack Dev,5.8,Pune
E344,Full Stack Dev,1.1,Delhi
E345,Cloud Engineering,13.4,Delhi
E346,AI Research,3.5,Chennai
E347,Cybersecurity,8.2,Mumbai
E348,Cybersecurity,8.3,Pune
E349,DevOps,3.1,Pune
E350,Data Science,13.7,Mumbai
E351,DevOps,8.9,Mumbai
E352,AI Research,14.9,Pune
E353,Cybersecurity,10.1,Delhi
E354,AI Research,1.0,Chennai
E355,AI Research,1.8,Mumbai
E356,DevOps,12.4,Pune
E357,AI Research,14.5,Chennai
E358,DevOps,1.0,Pune
E359,DevOps,4.1,Mumbai
E360,Cloud Engineering,4.2,Delhi
E361,Cybersecurity,2.8,Delhi
E362,Cloud Engineering,12.5,Mumbai
E363,Full Stack Dev,2.2,Mumbai
E364,Data Science,2.2,Mumbai
E365,Cloud Engineering,14.4,Pune
E366,Cybersecurity,8.5,Chennai
E367,Cybersecurity,1.9,Pune
E368,Cloud Engineering,8.8,Delhi
E369,Cybersecurity,14.8,Mumbai
E370,Cybersecurity,9.9,Mumbai
E371,Full Stack Dev,3.5,Pune
E372,DevOps,3.5,Chennai
E373,AI Research,7.4,Chennai
E374,Full Stack Dev,9.2,Mumbai
E375,DevOps,3.0,Pune
E376,Full Stack Dev,5.4,Delhi
E377,DevOps,7.8,Delhi
E378,Full Stack Dev,3.3,Chennai
E379,DevOps,2.7,Chennai
E380,DevOps,4.1,Pune
E381,Cloud Engineering,2.0,Delhi
E382,AI Research,14.4,Pune
E383,Full Stack Dev,2.7,Mumbai
E384,DevOps,12.6,Pune
E385,DevOps,13.2,Delhi
E386,Cybersecurity,5.4,Chennai
E387,Cloud Engineering,7.9,Pune
E388,Full Stack Dev,10.9,Mumbai
E389,DevOps,11.7,Pune
E390,Full Stack Dev,13.6,Mumbai
E391,Full Stack Dev,11.7,Mumbai
E392,Cybersecurity,8.1,Pune
E393,DevOps,14.8,Pune
E394,Cybersecurity,7.6,Delhi
E395,Cloud Engineering,10.8,Mumbai
E396,Data Science,14.6,Delhi
E397,Data Science,6.5,Chennai
E398,AI Research,5.9,Pune
E399,Full Stack Dev,13.7,Delhi
E400,Cloud Engineering,4.5,Mumbai
E401,DevOps,13.9,Mumbai
E402,AI Research,9.8,Chennai
E403,Full Stack Dev,4.1,Pune
E404,Data Science,1.5,Pune
E405,AI Research,5.4,Delhi
E406,Full Stack Dev,4.6,Mumbai
E407,Data Science,4.2,Chennai
E408,Full Stack Dev,4.7,Mumbai
E409,Cybersecurity,1.5,Delhi
E410,Full Stack Dev,5.3,Chennai
E411,AI Research,9.1,Pune
E412,AI Research,3.7,Delhi
E413,Cybersecurity,14.7,Pune
E414,Full Stack Dev,7.9,Chennai
E415,AI Research,8.0,Delhi
E416,AI Research,9.9,Mumbai
E417,DevOps,5.7,Mumbai
E418,Cloud Engineering,3.1,Delhi
E419,Data Science,3.5,Chennai
E420,Cybersecurity,11.9,Mumbai
E421,AI Research,10.1,Pune
E422,DevOps,4.5,Chennai
E423,Full Stack Dev,10.1,Mumbai
E424,Full Stack Dev,6.4,Pune
E425,DevOps,13.5,Mumbai
E426,Data Science,4.8,Chennai
E427,Cloud Engineering,14.8,Pune
E428,Full Stack Dev,9.9,Mumbai
E429,DevOps,6.2,Chennai
E430,Cloud Engineering,10.7,Pune
E431,Cloud Engineering,12.4,Mumbai
E432,DevOps,7.1,Delhi
E433,Data Science,2.1,Delhi
E434,Cybersecurity,9.1,Delhi
E435,Cybersecurity,4.6,Delhi
E436,Cybersecurity,5.3,Delhi
E437,AI Research,12.4,Pune
E438,DevOps,9.1,Chennai
E439,Full Stack Dev,1.7,Delhi
E440,Cloud Engineering,12.3,Mumbai
E441,Full Stack Dev,4.3,Delhi
E442,Full Stack Dev,13.8,Pune
E443,Full Stack Dev,7.6,Pune
E444,DevOps,7.0,Mumbai
E445,Full Stack Dev,2.1,Delhi
E446,Full Stack Dev,13.0,Pune
E447,Cybersecurity,3.6,Chennai
E448,DevOps,2.3,Chennai
E449,Cloud Engineering,4.3,Chennai
E450,AI Research,14.6,Delhi
E451,Full Stack Dev,13.3,Chennai
E452,Data Science,12.6,Delhi
E453,DevOps,13.7,Delhi
E454,DevOps,1.7,Mumbai
E455,Full Stack Dev,4.7,Delhi
E456,Cloud Engineering,13.4,Chennai
E457,Cloud Engineering,10.3,Chennai
E458,Cloud Engineering,9.8,Pune
E459,Cybersecurity,13.2,Mumbai
E460,Cybersecurity,9.9,Mumbai
E461,Cybersecurity,2.3,Delhi
E462,AI Research,3.9,Mumbai
E463,Cloud Engineering,1.7,Chennai
E464,Cloud Engineering,11.9,Mumbai
E465,AI Research,10.4,Mumbai
E466,AI Research,12.3,Mumbai
E467,Full Stack Dev,13.3,Mumbai
E468,Data Science,1.6,Pune
E469,Full Stack Dev,9.5,Pune
E470,Full Stack Dev,14.2,Mumbai
E471,Data Science,7.2,Pune
E472,AI Research,12.8,Pune
E473,Cybersecurity,14.7,Pune
E474,AI Research,1.3,Delhi
E475,DevOps,12.5,Pune
E476,DevOps,13.7,Chennai
E477,AI Research,4.3,Chennai
E478,Data Science,9.8,Mumbai
E479,Cybersecurity,6.2,Delhi
E480,Data Science,12.8,Chennai
E481,Cloud Engineering,9.3,Chennai
E482,AI Research,5.2,Chennai
E483,Full Stack Dev,11.4,Chennai
E484,AI Research,10.4,Chennai
E485,Cloud Engineering,3.3,Mumbai
E486,Full Stack Dev,2.0,Chennai
E487,Data Science,1.8,Chennai
E488,Data Science,6.4,Pune
E489,Cybersecurity,2.8,Pune
E490,DevOps,6.3,Delhi
E491,Cloud Engineering,9.8,Mumbai
E492,Data Science,9.9,Delhi
E493,DevOps,11.5,Mumbai
E494,DevOps,4.0,Pune
E495,Data Science,11.3,Pune
E496,DevOps,14.5,Pune
E497,Data Science,6.7,Delhi
E498,Cybersecurity,9.5,Delhi
E499,Cybersecurity,6.5,Chennai
E500,AI Research,11.1,Chennai
E501,AI Research,5.9,Delhi
E502,DevOps,5.5,Mumbai
E503,Cloud Engineering,10.6,Chennai
E504,Cybersecurity,9.7,Mumbai
E505,DevOps,9.1,Chennai
E506,Full Stack Dev,9.3,Pune
E507,AI Research,14.8,Pune
E508,Cloud Engineering,5.2,Pune
E509,DevOps,10.3,Mumbai
E510,AI Research,4.1,Mumbai
E511,Cybersecurity,8.7,Chennai
E512,AI Research,3.6,Chennai
E513,Cybersecurity,14.7,Mumbai
E514,Cloud Engineering,3.3,Mumbai
E515,Data Science,9.4,Mumbai
E516,DevOps,9.1,Chennai
E517,DevOps,10.2,Delhi
E518,Cloud Engineering,12.5,Delhi
E519,Full Stack Dev,10.7,Pune
E520,Full Stack Dev,2.4,Delhi
E521,AI Research,12.1,Chennai
E522,Data Science,5.3,Mumbai
E523,AI Research,1.2,Mumbai
E524,Cloud Engineering,13.8,Pune
E525,Full Stack Dev,14.4,Pune
E526,Cloud Engineering,12.2,Delhi
E527,Cybersecurity,2.1,Chennai
E528,Cybersecurity,13.7,Delhi
E529,Cybersecurity,9.9,Chennai
E530,Cybersecurity,7.2,Chennai
E531,Full Stack Dev,8.6,Pune
E532,DevOps,12.8,Chennai
E533,Cybersecurity,1.0,Mumbai
E534,DevOps,2.7,Delhi
E535,Full Stack Dev,8.9,Mumbai
E536,Cloud Engineering,10.4,Mumbai
E537,Cybersecurity,5.8,Mumbai
E538,Data Science,1.7,Pune
E539,Cloud Engineering,7.4,Chennai
E540,AI Research,1.2,Chennai
E541,AI Research,5.2,Chennai
E542,AI Research,14.9,Pune
E543,Data Science,14.8,Pune
E544,Cybersecurity,14.3,Chennai
E545,Cloud Engineering,3.3,Chennai
E546,Data Science,11.2,Pune
E547,AI Research,11.2,Chennai
E548,Cloud Engineering,3.3,Pune
E549,AI Research,9.5,Chennai
E550,Cloud Engineering,9.7,Delhi
E551,Data Science,13.1,Delhi
E552,Data Science,11.5,Delhi
E553,Cloud Engineering,9.5,Chennai
E554,Data Science,4.6,Delhi
E555,Cybersecurity,10.6,Delhi
E556,DevOps,14.9,Chennai
E557,Cloud Engineering,12.1,Mumbai
E558,Data Science,3.3,Mumbai
E559,Data Science,9.7,Pune
E560,DevOps,3.1,Pune
E561,Data Science,5.0,Delhi
E562,Cybersecurity,11.8,Chennai
E563,AI Research,11.6,Mumbai
E564,Cybersecurity,3.4,Mumbai
E565,Full Stack Dev,7.3,Pune
E566,Full Stack Dev,4.1,Delhi
E567,Cloud Engineering,5.8,Delhi
E568,Cybersecurity,7.0,Delhi
E569,Cloud Engineering,5.5,Pune
E570,DevOps,2.9,Delhi
E571,Cybersecurity,4.7,Mumbai
E572,Cybersecurity,1.5,Chennai
E573,DevOps,6.0,Delhi
E574,DevOps,1.1,Delhi
E575,Full Stack Dev,12.3,Mumbai
E576,Cloud Engineering,8.4,Pune
E577,Data Science,9.2,Mumbai
E578,Full Stack Dev,14.3,Delhi
E579,Full Stack Dev,2.5,Pune
E580,Full Stack Dev,3.2,Mumbai
E581,AI Research,3.0,Pune
E582,Data Science,9.8,Mumbai
E583,Full Stack Dev,10.4,Delhi
E584,Cybersecurity,12.0,Mumbai
E585,Full Stack Dev,6.0,Pune
E586,Cybersecurity,1.4,Mumbai
E587,DevOps,3.3,Pune
E588,DevOps,9.5,Pune
E589,Cybersecurity,13.7,Chennai
E590,AI Research,1.5,Mumbai
E591,Cloud Engineering,2.5,Delhi
E592,Cybersecurity,14.1,Chennai
E593,Cybersecurity,4.3,Chennai
E594,Full Stack Dev,13.9,Pune
E595,DevOps,8.5,Chennai
E596,Full Stack Dev,8.2,Chennai
E597,Cloud Engineering,6.0,Mumbai
E598,Data Science,9.7,Pune
E599,DevOps,1.5,Chennai
E600,AI Research,6.9,Delhi
E601,Full Stack Dev,8.6,Chennai
E602,Cloud Engineering,13.1,Pune
E603,Data Science,3.7,Mumbai
E604,Full Stack Dev,12.8,Delhi
E605,Data Science,8.9,Mumbai
E606,Cloud Engineering,1.4,Pune
E607,AI Research,14.7,Pune
E608,AI Research,5.4,Pune
E609,Cloud Engineering,10.5,Pune
E610,Full Stack Dev,6.8,Pune
E611,Cloud Engineering,12.6,Delhi
E612,DevOps,14.8,Mumbai
E613,DevOps,12.3,Pune
E614,Cloud Engineering,7.4,Delhi
E615,Cloud Engineering,2.0,Chennai
E616,Cloud Engineering,1.5,Pune
E617,AI Research,2.5,Chennai
E618,Cybersecurity,4.6,Mumbai
E619,DevOps,1.7,Delhi
E620,DevOps,10.8,Mumbai
E621,AI Research,14.6,Delhi
E622,Cybersecurity,4.6,Mumbai
E623,Cloud Engineering,4.5,Pune
E624,Cybersecurity,14.2,Mumbai
E625,Cloud Engineering,12.1,Delhi
E626,AI Research,14.2,Mumbai
E627,Cloud Engineering,1.1,Chennai
E628,AI Research,8.6,Pune
E629,Cybersecurity,2.2,Mumbai
E630,Cybersecurity,2.2,Chennai
E631,AI Research,13.8,Chennai
E632,Cybersecurity,3.3,Delhi
E633,DevOps,7.3,Pune
E634,Cybersecurity,6.4,Pune
E635,DevOps,3.5,Mumbai
E636,Cloud Engineering,4.0,Mumbai
E637,Full Stack Dev,9.0,Pune
E638,Full Stack Dev,4.1,Pune
E639,Cybersecurity,2.8,Pune
E640,Data Science,4.5,Pune
E641,Cloud Engineering,4.1,Mumbai
E642,Data Science,2.7,Mumbai
E643,Data Science,12.0,Mumbai
E644,Cybersecurity,3.4,Chennai
E645,Full Stack Dev,7.8,Pune
E646,Cloud Engineering,3.0,Pune
E647,Full Stack Dev,7.8,Mumbai
E648,Cloud Engineering,13.7,Delhi
E649,Data Science,3.4,Pune
E650,DevOps,5.3,Chennai
E651,AI Research,7.3,Delhi
E652,Cloud Engineering,11.8,Chennai
E653,DevOps,10.6,Chennai
E654,DevOps,11.7,Mumbai
E655,DevOps,7.9,Mumbai
E656,Full Stack Dev,14.9,Chennai
E657,Full Stack Dev,9.8,Pune
E658,AI Research,2.3,Mumbai
E659,Cloud Engineering,2.9,Mumbai
E660,Data Science,8.4,Mumbai
E661,Cloud Engineering,2.2,Delhi
E662,DevOps,14.3,Pune
E663,Full Stack Dev,12.1,Pune
E664,AI Research,9.3,Chennai
E665,AI Research,7.6,Mumbai
E666,DevOps,8.2,Chennai
E667,Full Stack Dev,2.7,Mumbai
E668,DevOps,6.1,Pune
E669,AI Research,13.5,Chennai
E670,Cybersecurity,8.7,Pune
E671,Full Stack Dev,5.2,Pune
E672,Data Science,12.0,Mumbai
E673,AI Research,11.7,Delhi
E674,Data Science,10.2,Mumbai
E675,AI Research,12.0,Delhi
E676,AI Research,14.9,Pune
E677,DevOps,13.0,Delhi
E678,DevOps,6.7,Mumbai
E679,AI Research,1.6,Pune
E680,Full Stack Dev,14.7,Mumbai
E681,Data Science,4.3,Chennai
E682,Full Stack Dev,4.0,Mumbai
E683,Cybersecurity,13.8,Pune
E684,Full Stack Dev,10.0,Delhi
E685,AI Research,5.4,Chennai
E686,AI Research,13.4,Delhi
E687,Cloud Engineering,4.4,Delhi
E688,Full Stack Dev,12.4,Delhi
E689,Cybersecurity,13.4,Pune
E690,Full Stack Dev,12.3,Delhi
E691,Data Science,6.6,Delhi
E692,AI Research,13.3,Mumbai
E693,DevOps,4.6,Delhi
E694,Cloud Engineering,6.2,Mumbai
E695,AI Research,4.7,Mumbai
E696,Full Stack Dev,6.7,Pune
E697,Cybersecurity,13.5,Mumbai
E698,Cybersecurity,14.6,Chennai
E699,Data Science,13.6,Mumbai
E700,Cybersecurity,11.9,Chennai
E701,Data Science,2.8,Chennai
E702,AI Research,6.6,Chennai
E703,AI Research,13.2,Mumbai
E704,AI Research,4.0,Mumbai
E705,Full Stack Dev,10.0,Chennai
E706,AI Research,12.0,Pune
E707,DevOps,9.5,Mumbai
E708,Cybersecurity,13.3,Pune
E709,Full Stack Dev,1.8,Delhi
E710,DevOps,6.7,Chennai
E711,Full Stack Dev,5.7,Pune
E712,AI Research,9.2,Mumbai
E713,Data Science,5.9,Delhi
E714,Data Science,13.1,Mumbai
E715,AI Research,13.9,Mumbai
E716,Cloud Engineering,12.2,Pune
E717,DevOps,12.9,Delhi
E718,Full Stack Dev,14.1,Delhi
E719,Data Science,13.1,Chennai
E720,Full Stack Dev,11.4,Pune
E721,DevOps,4.3,Pune
E722,AI Research,11.8,Pune
E723,Full Stack Dev,3.6,Chennai
E724,DevOps,8.2,Delhi
E725,Data Science,14.1,Pune
E726,Data Science,12.9,Chennai
E727,Data Science,7.4,Pune
E728,AI Research,4.3,Pune
E729,AI Research,13.8,Delhi
E730,Data Science,2.6,Pune
E731,Cybersecurity,7.3,Delhi
E732,Cloud Engineering,6.6,Chennai
E733,Full Stack Dev,14.1,Delhi
E734,DevOps,9.5,Chennai
E735,Full Stack Dev,5.9,Chennai
E736,Data Science,2.4,Delhi
E737,Full Stack Dev,13.4,Chennai
E738,DevOps,1.5,Delhi
E739,Cloud Engineering,13.4,Pune
E740,DevOps,1.2,Chennai
E741,Data Science,11.2,Delhi
E742,DevOps,1.4,Chennai
E743,Data Science,14.9,Pune
E744,DevOps,6.8,Chennai
E745,Data Science,7.1,Pune
E746,Cloud Engineering,7.2,Mumbai
E747,DevOps,4.1,Delhi
E748,Cybersecurity,2.2,Pune
E749,Cybersecurity,13.2,Chennai
E750,DevOps,13.7,Pune
E751,Cybersecurity,10.9,Mumbai
E752,Full Stack Dev,13.3,Pune
E753,Cybersecurity,4.5,Delhi
E754,Cybersecurity,13.4,Pune
E755,Full Stack Dev,2.1,Chennai
E756,DevOps,10.7,Chennai
E757,Full Stack Dev,7.1,Chennai
E758,DevOps,10.2,Chennai
E759,Full Stack Dev,4.5,Mumbai
E760,Cloud Engineering,6.8,Chennai
E761,DevOps,1.5,Delhi
E762,Cloud Engineering,9.3,Delhi
E763,Data Science,5.6,Delhi
E764,Cloud Engineering,8.7,Pune
E765,Full Stack Dev,13.9,Mumbai
E766,Cloud Engineering,9.3,Mumbai
E767,Data Science,11.7,Delhi
E768,AI Research,5.2,Mumbai
E769,DevOps,12.8,Chennai
E770,Data Science,12.8,Chennai
E771,Cybersecurity,12.7,Chennai
E772,Full Stack Dev,6.0,Delhi
E773,DevOps,11.2,Pune
E774,DevOps,4.7,Mumbai
E775,Full Stack Dev,13.7,Delhi
E776,AI Research,14.5,Mumbai
E777,AI Research,10.1,Pune
E778,Cloud Engineering,9.5,Mumbai
E779,Full Stack Dev,2.3,Pune
E780,Cybersecurity,8.4,Chennai
E781,Data Science,13.8,Chennai
E782,AI Research,11.0,Pune
E783,DevOps,2.8,Delhi
E784,DevOps,5.7,Mumbai
E785,Cybersecurity,11.2,Chennai
E786,Data Science,7.8,Pune
E787,Cloud Engineering,13.3,Mumbai
E788,Cloud Engineering,5.0,Mumbai
E789,Data Science,12.0,Chennai
E790,Cloud Engineering,9.0,Pune
E791,Cloud Engineering,6.7,Chennai
E792,Cybersecurity,12.8,Chennai
E793,AI Research,11.1,Chennai
E794,Full Stack Dev,13.7,Delhi
E795,Full Stack Dev,2.3,Mumbai
E796,Data Science,1.2,Delhi
E797,Cloud Engineering,1.5,Chennai
E798,DevOps,7.9,Delhi
E799,DevOps,12.3,Mumbai
E800,AI Research,7.2,Chennai
E801,Full Stack Dev,2.6,Chennai
E802,Full Stack Dev,8.9,Mumbai
E803,AI Research,14.9,Pune
E804,Full Stack Dev,1.9,Mumbai
E805,AI Research,10.4,Pune
E806,AI Research,5.7,Pune
E807,DevOps,4.6,Mumbai
E808,AI Research,1.9,Chennai
E809,AI Research,11.5,Mumbai
E810,Cloud Engineering,2.5,Chennai
E811,AI Research,13.6,Pune
E812,Data Science,4.7,Pune
E813,Cybersecurity,3.3,Mumbai
E814,Cybersecurity,3.3,Delhi
E815,AI Research,12.9,Chennai
E816,AI Research,9.0,Pune
E817,Cloud Engineering,1.5,Delhi
E818,Cloud Engineering,13.6,Mumbai
E819,Cybersecurity,4.3,Mumbai
E820,DevOps,3.4,Chennai
E821,Data Science,12.9,Delhi
E822,Cybersecurity,14.0,Chennai
E823,Data Science,5.5,Mumbai
E824,DevOps,14.4,Mumbai
E825,Cloud Engineering,10.4,Delhi
E826,Cloud Engineering,3.3,Delhi
E827,Full Stack Dev,7.0,Pune
E828,AI Research,8.4,Mumbai
E829,Cloud Engineering,7.0,Pune
E830,DevOps,2.8,Delhi
E831,Full Stack Dev,2.2,Chennai
E832,Data Science,10.8,Pune
E833,Data Science,9.6,Pune
E834,Cybersecurity,6.6,Pune
E835,AI Research,3.8,Mumbai
E836,Cybersecurity,7.1,Chennai
E837,Data Science,14.9,Pune
E838,Cybersecurity,3.4,Chennai
E839,Data Science,7.0,Chennai
E840,Cybersecurity,3.2,Chennai
E841,Cloud Engineering,8.5,Pune
E842,Full Stack Dev,3.3,Delhi
E843,AI Research,14.8,Delhi
E844,DevOps,7.3,Delhi
E845,Full Stack Dev,7.9,Delhi
E846,AI Research,5.7,Delhi
E847,Cloud Engineering,4.5,Delhi
E848,AI Research,12.6,Pune
E849,AI Research,7.9,Delhi
E850,Data Science,14.2,Pune
E851,Full Stack Dev,8.9,Pune
E852,Cloud Engineering,11.6,Delhi
E853,Cloud Engineering,1.8,Mumbai
E854,AI Research,11.6,Chennai
E855,Full Stack Dev,7.2,Delhi
E856,Full Stack Dev,8.8,Chennai
E857,Data Science,10.2,Pune
E858,Cloud Engineering,14.0,Delhi
E859,Full Stack Dev,11.3,Chennai
E860,Data Science,6.9,Mumbai
E861,Full Stack Dev,12.4,Chennai
E862,AI Research,14.4,Pune
E863,Data Science,14.4,Mumbai
E864,Cybersecurity,4.9,Chennai
E865,DevOps,13.4,Delhi
E866,DevOps,1.8,Chennai
E867,DevOps,3.7,Pune
E868,Data Science,7.2,Mumbai
E869,Full Stack Dev,10.8,Chennai
E870,Cloud Engineering,9.7,Mumbai
E871,Full Stack Dev,10.9,Delhi
E872,DevOps,9.6,Chennai
E873,Cybersecurity,10.7,Delhi
E874,Cybersecurity,2.7,Chennai
E875,Data Science,9.2,Pune
E876,Full Stack Dev,12.5,Mumbai
E877,AI Research,13.7,Delhi
E878,AI Research,9.6,Mumbai
E879,Data Science,8.7,Mumbai
E880,Cybersecurity,3.7,Pune
E881,AI Research,12.2,Chennai
E882,AI Research,5.2,Delhi
E883,Full Stack Dev,1.8,Mumbai
E884,Cloud Engineering,3.9,Pune
E885,AI Research,10.0,Mumbai
E886,Data Science,4.7,Mumbai
E887,Cybersecurity,8.2,Pune
E888,Data Science,7.1,Pune
E889,DevOps,11.7,Delhi
E890,Cloud Engineering,9.0,Mumbai
E891,Cloud Engineering,1.3,Mumbai
E892,Full Stack Dev,5.5,Pune
E893,Full Stack Dev,12.2,Chennai
E894,Full Stack Dev,10.0,Delhi
E895,AI Research,5.8,Delhi
E896,Cybersecurity,2.5,Chennai
E897,DevOps,8.8,Pune
E898,DevOps,3.7,Mumbai
E899,Data Science,10.4,Delhi
E900,DevOps,5.3,Chennai
E901,Cloud Engineering,4.3,Pune
E902,Cloud Engineering,11.9,Delhi
E903,Data Science,8.2,Delhi
E904,Cloud Engineering,11.5,Mumbai
E905,DevOps,4.4,Delhi
E906,AI Research,4.3,Delhi
E907,Full Stack Dev,6.3,Pune
E908,DevOps,2.7,Delhi
E909,AI Research,10.5,Delhi
E910,Cybersecurity,12.4,Pune
E911,Data Science,1.1,Delhi
E912,Data Science,8.8,Mumbai
E913,Full Stack Dev,9.9,Chennai
E914,Full Stack Dev,9.5,Delhi
E915,Full Stack Dev,10.1,Chennai
E916,Cloud Engineering,12.7,Delhi
E917,Full Stack Dev,8.4,Chennai
E918,Full Stack Dev,10.6,Chennai
E919,Cybersecurity,11.5,Delhi
E920,Data Science,4.1,Pune
E921,DevOps,3.3,Chennai
E922,DevOps,10.6,Pune
E923,DevOps,9.5,Pune
E924,Full Stack Dev,14.6,Chennai
E925,AI Research,4.7,Chennai
E926,Cybersecurity,10.6,Chennai
E927,DevOps,8.6,Pune
E928,Full Stack Dev,6.3,Delhi
E929,Data Science,2.5,Chennai
E930,Cybersecurity,2.1,Pune
E931,AI Research,12.6,Chennai
E932,Cybersecurity,11.4,Pune
E933,Full Stack Dev,10.5,Chennai
E934,Cloud Engineering,8.1,Chennai
E935,Full Stack Dev,8.8,Pune
E936,Cloud Engineering,11.2,Chennai
E937,Cybersecurity,13.0,Mumbai
E938,DevOps,4.6,Pune
E939,Cloud Engineering,6.2,Chennai
E940,Data Science,8.1,Chennai
E941,AI Research,7.8,Mumbai
E942,Cybersecurity,13.5,Delhi
E943,Cloud Engineering,3.6,Delhi
E944,Data Science,11.9,Chennai
E945,AI Research,2.5,Delhi
E946,Cloud Engineering,12.3,Delhi
E947,DevOps,3.2,Delhi
E948,Data Science,2.4,Mumbai
E949,Full Stack Dev,13.7,Delhi
E950,AI Research,9.0,Mumbai
E951,Cloud Engineering,8.6,Pune
E952,Data Science,12.0,Chennai
E953,DevOps,13.0,Pune
E954,Full Stack Dev,11.9,Delhi
E955,Full Stack Dev,4.3,Pune
E956,AI Research,2.6,Chennai
E957,AI Research,7.0,Chennai
E958,Cybersecurity,3.5,Pune
E959,Cybersecurity,7.0,Pune
E960,Cloud Engineering,2.8,Pune
E961,DevOps,10.4,Pune
E962,Cybersecurity,5.8,Chennai
E963,Cybersecurity,11.5,Pune
E964,AI Research,14.5,Mumbai
E965,Cybersecurity,9.8,Delhi
E966,DevOps,14.8,Delhi
E967,DevOps,5.9,Delhi
E968,Data Science,13.7,Mumbai
E969,AI Research,3.0,Mumbai
E970,Cloud Engineering,13.4,Pune
E971,Full Stack Dev,13.2,Delhi
E972,Full Stack Dev,2.6,Mumbai
E973,Cloud Engineering,8.7,Pune
E974,DevOps,1.6,Chennai
E975,Cloud Engineering,3.5,Mumbai
E976,Cybersecurity,1.4,Pune
E977,Data Science,10.0,Pune
E978,Data Science,1.8,Chennai
E979,Data Science,12.5,Chennai
E980,Full Stack Dev,4.8,Delhi
E981,Cloud Engineering,6.6,Chennai
E982,DevOps,7.3,Delhi
E983,Data Science,9.8,Mumbai
E984,AI Research,2.8,Delhi
E985,Cloud Engineering,9.4,Delhi
E986,Cloud Engineering,9.7,Chennai
E987,DevOps,8.1,Mumbai
E988,DevOps,13.4,Pune
E989,Cloud Engineering,11.4,Delhi
E990,Cloud Engineering,5.6,Chennai
E991,AI Research,6.4,Pune
E992,DevOps,14.0,Chennai
E993,Data Science,9.2,Delhi
E994,Cybersecurity,10.5,Delhi
E995,AI Research,7.6,Delhi
E996,Data Science,14.1,Mumbai
E997,AI Research,3.3,Mumbai
E998,AI Research,1.0,Pune
E999,Data Science,10.1,Mumbai
E1000,Full Stack Dev,13.5,Chennai
E1001,Cloud Engineering,1.8,Chennai
E1002,AI Research,8.2,Chennai
E1003,Full Stack Dev,4.2,Mumbai
E1004,Cybersecurity,2.6,Pune
E1005,Cybersecurity,8.4,Mumbai
E1006,Data Science,13.2,Mumbai
E1007,AI Research,14.7,Mumbai
E1008,Full Stack Dev,11.8,Delhi
E1009,Full Stack Dev,2.5,Delhi
E1010,DevOps,12.9,Mumbai
E1011,Full Stack Dev,1.8,Mumbai
E1012,Full Stack Dev,9.6,Delhi
E1013,DevOps,13.7,Delhi
E1014,Cloud Engineering,12.8,Chennai
E1015,Cybersecurity,6.6,Delhi
E1016,Cloud Engineering,5.3,Pune
E1017,Full Stack Dev,14.8,Pune
E1018,Full Stack Dev,10.9,Delhi
E1019,DevOps,2.8,Chennai
E1020,Cloud Engineering,9.0,Chennai
E1021,DevOps,9.8,Mumbai
E1022,Data Science,5.7,Mumbai
E1023,Cybersecurity,6.6,Mumbai
E1024,Cloud Engineering,12.9,Chennai
E1025,Cloud Engineering,6.8,Chennai
E1026,DevOps,14.0,Chennai
E1027,Full Stack Dev,3.2,Pune
E1028,DevOps,2.3,Pune
E1029,Full Stack Dev,10.4,Delhi
E1030,DevOps,6.7,Mumbai
E1031,DevOps,2.0,Pune
E1032,AI Research,12.3,Delhi
E1033,Cloud Engineering,3.7,Pune
E1034,Cloud Engineering,10.6,Chennai
E1035,Full Stack Dev,12.2,Mumbai
E1036,Cybersecurity,12.3,Pune
E1037,DevOps,11.5,Pune
E1038,Cybersecurity,3.2,Mumbai
E1039,Cybersecurity,9.5,Mumbai
E1040,Cybersecurity,7.0,Mumbai
E1041,Data Science,6.7,Pune
E1042,DevOps,6.5,Delhi
E1043,Cybersecurity,10.3,Pune
E1044,Cloud Engineering,10.3,Mumbai
E1045,DevOps,6.0,Mumbai
E1046,AI Research,13.1,Pune
E1047,DevOps,5.5,Delhi
E1048,Cybersecurity,5.8,Mumbai
E1049,Data Science,3.4,Pune
E1050,AI Research,8.5,Chennai
E1051,Cloud Engineering,13.1,Pune
E1052,Cybersecurity,5.9,Delhi
E1053,Data Science,10.1,Pune
E1054,DevOps,7.3,Pune
E1055,Cybersecurity,2.8,Chennai
E1056,Data Science,12.3,Pune
E1057,AI Research,4.0,Mumbai
E1058,Data Science,14.1,Delhi
E1059,DevOps,8.5,Delhi
E1060,Cloud Engineering,7.8,Delhi
E1061,Cloud Engineering,8.0,Delhi
E1062,Data Science,3.1,Delhi
E1063,Data Science,6.7,Pune
E1064,Data Science,9.7,Pune
E1065,Data Science,2.5,Pune
E1066,Data Science,14.9,Delhi
E1067,DevOps,3.6,Mumbai
E1068,DevOps,1.1,Delhi
E1069,Data Science,13.5,Mumbai
E1070,DevOps,11.2,Chennai
E1071,Cloud Engineering,4.7,Chennai
E1072,Cloud Engineering,10.3,Pune
E1073,AI Research,6.1,Delhi
E1074,Cloud Engineering,10.9,Pune
E1075,DevOps,5.9,Delhi
E1076,Full Stack Dev,5.7,Mumbai
E1077,Cloud Engineering,7.7,Delhi
E1078,Cybersecurity,2.5,Delhi
E1079,AI Research,13.1,Pune
E1080,AI Research,3.0,Pune
E1081,DevOps,3.9,Chennai
E1082,AI Research,10.0,Delhi
E1083,DevOps,3.4,Chennai
E1084,Full Stack Dev,2.9,Delhi
E1085,Full Stack Dev,6.2,Pune
E1086,DevOps,7.2,Delhi
E1087,AI Research,14.1,Mumbai
E1088,Data Science,14.1,Mumbai
E1089,AI Research,1.7,Delhi
E1090,Cybersecurity,13.2,Pune
E1091,Cloud Engineering,13.3,Mumbai
E1092,Cloud Engineering,4.4,Mumbai
E1093,Full Stack Dev,8.0,Mumbai
E1094,DevOps,9.8,Chennai
E1095,Cloud Engineering,11.3,Delhi
E1096,Cloud Engineering,10.3,Mumbai
E1097,Data Science,9.6,Delhi
E1098,DevOps,14.8,Delhi
E1099,Data Science,7.3,Chennai
E1100,Cybersecurity,9.8,Mumbai
